customer_id_,customer_id,customer_name,country_iso2,country_text,customer_market_key
100001,100001,Universitätsklinikum Berlin,DE,Central Europe,CM_100001
100002,100002,Klinikum Munich,DE,Central Europe,CM_100002
100003,100003,Herzzentrum Hamburg,DE,Central Europe,CM_100003
100004,100004,Städtisches Krankenhaus Frankfurt,DE,Central Europe,CM_100004
100005,100005,St. Vinzenz-Hospital Cologne,DE,Central Europe,CM_100005
100006,100006,Universitätsklinikum Stuttgart,DE,Central Europe,CM_100006
100007,100007,Klinikum Düsseldorf,DE,Central Europe,CM_100007
100008,100008,Herzzentrum Leipzig,DE,Central Europe,CM_100008
100009,100009,Städtisches Krankenhaus Dresden,DE,Central Europe,CM_100009
100010,100010,St. Vinzenz-Hospital Hannover,DE,Central Europe,CM_100010
100011,100011,Universitätsklinikum Essen,DE,Central Europe,CM_100011
100012,100012,Klinikum Freiburg,DE,Central Europe,CM_100012
100013,100013,CHU Paris,FR,Western Europe,CM_100013
100014,100014,Hôpital Lyon,FR,Western Europe,CM_100014
100015,100015,Clinique Marseille,FR,Western Europe,CM_100015
100016,100016,Centre Cardiologique Toulouse,FR,Western Europe,CM_100016
100017,100017,Institut Cardiovasculaire Bordeaux,FR,Western Europe,CM_100017
100018,100018,CHU Lille,FR,Western Europe,CM_100018
100019,100019,Hôpital Strasbourg,FR,Western Europe,CM_100019
100020,100020,Clinique Nantes,FR,Western Europe,CM_100020
100021,100021,Centre Cardiologique Rennes,FR,Western Europe,CM_100021
100022,100022,Institut Cardiovasculaire Montpellier,FR,Western Europe,CM_100022
100023,100023,CHU Grenoble,FR,Western Europe,CM_100023
100024,100024,Hôpital Nice,FR,Western Europe,CM_100024
100025,100025,Royal London,GB,Northern Europe,CM_100025
100026,100026,St. Thomas' Manchester,GB,Northern Europe,CM_100026
100027,100027,University Hospital Birmingham,GB,Northern Europe,CM_100027
100028,100028,Queen Elizabeth Leeds,GB,Northern Europe,CM_100028
100029,100029,King's College Liverpool,GB,Northern Europe,CM_100029
100030,100030,Royal Bristol,GB,Northern Europe,CM_100030
100031,100031,St. Thomas' Oxford,GB,Northern Europe,CM_100031
100032,100032,University Hospital Cambridge,GB,Northern Europe,CM_100032
100033,100033,Queen Elizabeth Edinburgh,GB,Northern Europe,CM_100033
100034,100034,King's College Glasgow,GB,Northern Europe,CM_100034
100035,100035,Royal Cardiff,GB,Northern Europe,CM_100035
100036,100036,St. Thomas' Brighton,GB,Northern Europe,CM_100036
100037,100037,Ospedale Milan,IT,Southern Europe,CM_100037
100038,100038,Policlinico Rome,IT,Southern Europe,CM_100038
100039,100039,Centro Cardiologico Naples,IT,Southern Europe,CM_100039
100040,100040,Istituto Clinico Turin,IT,Southern Europe,CM_100040
100041,100041,Fondazione Florence,IT,Southern Europe,CM_100041
100042,100042,Ospedale Bologna,IT,Southern Europe,CM_100042
100043,100043,Policlinico Genoa,IT,Southern Europe,CM_100043
100044,100044,Centro Cardiologico Padua,IT,Southern Europe,CM_100044
100045,100045,Istituto Clinico Verona,IT,Southern Europe,CM_100045
100046,100046,Fondazione Catania,IT,Southern Europe,CM_100046
100047,100047,Ospedale Bari,IT,Southern Europe,CM_100047
100048,100048,Policlinico Palermo,IT,Southern Europe,CM_100048
100049,100049,Hospital Universitario Madrid,ES,Southern Europe,CM_100049
100050,100050,Clínica Barcelona,ES,Southern Europe,CM_100050
100051,100051,Hospital General Valencia,ES,Southern Europe,CM_100051
100052,100052,Centro Médico Seville,ES,Southern Europe,CM_100052
100053,100053,Hospital Clínic Bilbao,ES,Southern Europe,CM_100053
100054,100054,Hospital Universitario Malaga,ES,Southern Europe,CM_100054
100055,100055,Clínica Zaragoza,ES,Southern Europe,CM_100055
100056,100056,Hospital General Murcia,ES,Southern Europe,CM_100056
100057,100057,Centro Médico Santiago,ES,Southern Europe,CM_100057
100058,100058,Hospital Clínic Valladolid,ES,Southern Europe,CM_100058
100059,100059,Hospital Universitario Salamanca,ES,Southern Europe,CM_100059
100060,100060,Clínica Granada,ES,Southern Europe,CM_100060
100061,100061,AMC Amsterdam,NL,Western Europe,CM_100061
100062,100062,Erasmus MC Rotterdam,NL,Western Europe,CM_100062
100063,100063,UMC Utrecht,NL,Western Europe,CM_100063
100064,100064,Catharina Ziekenhuis Eindhoven,NL,Western Europe,CM_100064
100065,100065,Sint Antonius Groningen,NL,Western Europe,CM_100065
100066,100066,AMC Nijmegen,NL,Western Europe,CM_100066
100067,100067,Erasmus MC Leiden,NL,Western Europe,CM_100067
100068,100068,UMC Maastricht,NL,Western Europe,CM_100068
100069,100069,Catharina Ziekenhuis Tilburg,NL,Western Europe,CM_100069
100070,100070,Sint Antonius Den Haag,NL,Western Europe,CM_100070
100071,100071,AMC Breda,NL,Western Europe,CM_100071
100072,100072,Erasmus MC Arnhem,NL,Western Europe,CM_100072
100073,100073,UZ Brussels,BE,Western Europe,CM_100073
100074,100074,CHU Antwerp,BE,Western Europe,CM_100074
100075,100075,AZ Ghent,BE,Western Europe,CM_100075
100076,100076,OLV Ziekenhuis Leuven,BE,Western Europe,CM_100076
100077,100077,Cliniques Universitaires Liège,BE,Western Europe,CM_100077
100078,100078,UZ Bruges,BE,Western Europe,CM_100078
100079,100079,CHU Charleroi,BE,Western Europe,CM_100079
100080,100080,AZ Namur,BE,Western Europe,CM_100080
100081,100081,OLV Ziekenhuis Hasselt,BE,Western Europe,CM_100081
100082,100082,Cliniques Universitaires Mechelen,BE,Western Europe,CM_100082
100083,100083,UZ Kortrijk,BE,Western Europe,CM_100083
100084,100084,CHU Mons,BE,Western Europe,CM_100084
100085,100085,Szpital Kliniczny Warsaw,PL,Eastern Europe,CM_100085
100086,100086,Instytut Kardiologii Krakow,PL,Eastern Europe,CM_100086
100087,100087,Centrum Medyczne Wroclaw,PL,Eastern Europe,CM_100087
100088,100088,Szpital Wojewódzki Poznan,PL,Eastern Europe,CM_100088
100089,100089,Klinika Kardiochirurgii Gdansk,PL,Eastern Europe,CM_100089
100090,100090,Szpital Kliniczny Katowice,PL,Eastern Europe,CM_100090
100091,100091,Instytut Kardiologii Lodz,PL,Eastern Europe,CM_100091
100092,100092,Centrum Medyczne Lublin,PL,Eastern Europe,CM_100092
100093,100093,Szpital Wojewódzki Bialystok,PL,Eastern Europe,CM_100093
100094,100094,Klinika Kardiochirurgii Szczecin,PL,Eastern Europe,CM_100094
100095,100095,Szpital Kliniczny Bydgoszcz,PL,Eastern Europe,CM_100095
100096,100096,Instytut Kardiologii Rzeszow,PL,Eastern Europe,CM_100096
100097,100097,Üniversitesi Hastanesi Istanbul,TR,MENA,CM_100097
100098,100098,Kalp Merkezi Ankara,TR,MENA,CM_100098
100099,100099,Devlet Hastanesi Izmir,TR,MENA,CM_100099
100100,100100,Eğitim Araştırma Antalya,TR,MENA,CM_100100
100101,100101,Özel Hastane Bursa,TR,MENA,CM_100101
100102,100102,Üniversitesi Hastanesi Adana,TR,MENA,CM_100102
100103,100103,Kalp Merkezi Konya,TR,MENA,CM_100103
100104,100104,Devlet Hastanesi Gaziantep,TR,MENA,CM_100104
100105,100105,Eğitim Araştırma Mersin,TR,MENA,CM_100105
100106,100106,Özel Hastane Kayseri,TR,MENA,CM_100106
100107,100107,Üniversitesi Hastanesi Eskisehir,TR,MENA,CM_100107
100108,100108,Kalp Merkezi Trabzon,TR,MENA,CM_100108
100109,100109,Karolinska Stockholm,SE,Northern Europe,CM_100109
100110,100110,Sahlgrenska Gothenburg,SE,Northern Europe,CM_100110
100111,100111,Skånes Universitetssjukhus Malmö,SE,Northern Europe,CM_100111
100112,100112,Uppsala Akademiska Uppsala,SE,Northern Europe,CM_100112
100113,100113,Danderyds sjukhus Linköping,SE,Northern Europe,CM_100113
100114,100114,Karolinska Örebro,SE,Northern Europe,CM_100114
100115,100115,Sahlgrenska Lund,SE,Northern Europe,CM_100115
100116,100116,Skånes Universitetssjukhus Umeå,SE,Northern Europe,CM_100116
100117,100117,Uppsala Akademiska Västerås,SE,Northern Europe,CM_100117
100118,100118,Danderyds sjukhus Karlstad,SE,Northern Europe,CM_100118
100119,100119,Karolinska Jönköping,SE,Northern Europe,CM_100119
100120,100120,Sahlgrenska Norrköping,SE,Northern Europe,CM_100120
